1000, 3, 3
0.12440796848386526, 0.2590856598690152, -0.21391933877021074
0
-0.08692473080009222, -0.5929986541159451, -0.5744649386033416
1
0.5653566713444889, -0.7475728900171816, -0.31639122124761343
2
-0.4395020641386509, 0.5610348079353571, -0.6197450221516192
2
0.04384097829461098, -0.7734247376210988, 0.4468010179698467
2
-0.18218260910362005, -0.05295538390055299, 0.20411407202482224
0
0.5817788639105856, 0.47361808037385345, -0.583442629314959
2
-0.3901446172967553, -0.7174106892198324, -0.10855600843206048
1
-0.5530329761095345, 0.48261393466964364, -0.583839753177017
2
-0.6749402424320579, 0.5105572254396975, 0.1049250029027462
1
-0.3773579001426697, 0.496407026425004, 0.31209122529253364
1
-0.5911442460492253, 0.029884337447583675, -0.061884347815066576
0
-0.46947861881926656, -0.533694229554385, 0.031626570504158735
1
0.5440734964795411, 0.19308467861264944, -0.692979556042701
2
0.3847362264059484, 0.021563767921179533, -0.5368882259353995
0
-0.15164497401565313, -0.322259355802089, -0.894173567648977
2
-0.20840164693072438, 0.3407958601601422, 0.21183771407231688
0
-0.6527391546405852, -0.14418090507388115, -0.4022011957131326
1
0.021628757938742638, 0.5404809401370585, -0.3244477673433721
0
0.7205847883597016, 0.2675373232923448, 0.0323910559527576
1
-0.037977905478328466, -0.1153191733174026, -0.8155312431044877
1
0.2694787750951946, -0.7532057100906968, -0.011231462005525827
1
-0.052636750508099794, -0.17068296717479825, 0.5747479507699609
0
0.6110417144373059, -0.409441108815372, -0.5669455155730247
2
-0.1189407049678266, -0.28337920596823096, -0.1880930671468377
0
-0.19545160420238972, 0.4945338577963412, 0.5808299644850194
1
0.1361015858128667, -0.35085333697497845, 0.3247908311896026
0
0.661344185937196, -0.4554136833176017, 0.1632710862904787
1
-0.1863348144106567, -0.46500146202743053, 0.7120279823429883
1
-0.9181518028490245, 0.04711451940238476, -0.24274458130821586
2
0.7792803701013327, 0.05668705748394132, -0.31559955049306154
1
-0.7406626841984689, 0.3056823709048331, -0.49850680073723197
2
-0.5305939363315701, -0.06418136553838849, 0.10446660639718175
0
0.84554478013888, 0.16062044817954302, -0.11250375816598535
1
0.47097016125917435, 0.41933813923969865, 0.0027362308464944363
0
-0.44422566052526236, 0.7383355246856809, 0.501146221999079
2
0.1531905555166304, -0.25981036433950067, 0.7023913380689919
1
-0.04076429735869169, -0.0940502337180078, 0.08115669805556536
0
-0.44402661779895425, -0.736676043830812, 0.10932145500555634
1
0.1501131490804255, 0.1696448908187449, -0.8351239520125091
1
-0.8743953513912857, 0.07060057669878006, 0.09087053686380386
2
-0.01537834806367755, -0.6401603748090565, -0.17389256646856666
0
-0.21649202471598983, 0.5214620996266603, 0.4402500344440341
1
0.16559615870937705, -0.6380195003002882, 0.1655747490003705
0
0.5635678530670702, -0.6424749419093132, -0.3993153194896877
2
-0.3678892576135695, 0.305171818472445, 0.04891631240025163
0
-0.6583889429457486, -0.14561361353844404, -0.5290813739411533
1
0.47070881677791476, -0.3416678858920932, -0.031296527944505215
0
-0.44984557339921594, 0.046236086171120405, 0.12308665690943599
0
0.5270235361531377, -0.07169526536017656, -0.721272514667362
2
-0.15482226619496942, 0.6066707242280245, -0.4065363188274205
1
-0.2960015791468322, -0.11841555265709758, -0.7439597751945257
1
0.20749103650450706, 0.06563565600663424, 0.7828753544017673
1
0.3462870754301548, 0.7081107860431075, 0.5603017909452319
2
0.3250361857935786, 0.7772815199568868, 0.00622651819139719
1
0.374138206243515, 0.5366174848750234, -0.25937635311856866
1
0.22437127260491252, 0.7976789688691497, 0.16716780280694366
1
-0.41481883404776454, -0.3901277184486389, -0.402324378490448
1
-0.411290580406785, 0.3345368690788746, -0.21998864179477096
0
0.5375036243349314, 0.6734170871786773, -0.01972942380234599
1
-0.07808828819543123, -0.858250551391393, -0.2502312446013093
2
0.07174580497667193, -0.10321954125538468, 0.2881385078653693
0
-0.04479002486914396, 0.6167923379689455, 0.7117995764128864
2
-0.3269274923950434, 0.8928282344713807, -0.22575450222939253
2
0.46759208105504513, 0.08829141175374389, 0.8572991900146008
2
0.5969441779889166, 0.012027746997773647, -0.4435649989172816
1
0.10075327381491661, 0.8748887772671878, 0.23322503454983234
2
0.32498136535286903, -0.1912194131873548, -0.6051812744699419
1
0.26079408498480916, 0.012883832678198814, 0.8622589078731835
2
0.313154477160424, 0.37323798006400466, 0.6589171551167965
1
0.5040494091808796, 0.6303885616362095, -0.41587564116343856
2
-0.32532630441710353, -0.4108431078493595, 0.1902131075039506
0
-0.4725507367402315, -0.3296025372110307, -0.7302605477161705
2
-9.512091055512428E-4, 0.7967738099396229, 0.19373004650697112
1
0.16431603441014886, -0.2067566579207778, -0.08221522765234113
0
-0.7641034852713346, -0.010434833355247974, 0.040400594007223845
1
0.8035811614245176, -0.14102671574801207, -0.015538461972028017
1
-0.45277618803083897, -0.5288555165752769, 0.4294203454628587
1
0.5320797087624669, 0.007153187412768602, 0.655042368452996
1
-0.5138467885553837, 0.0019283536821603775, 0.465879253577441
1
-0.012891656719148159, -0.35139524564146996, -0.4872052068822086
0
0.06899243453517556, 0.015803910326212645, -0.6108168051578104
0
0.37901840824633837, -0.5788657004013658, 0.41435659769922495
1
-0.7728289235383272, -0.5590244261547923, -0.09379336750134826
2
-0.2952754367142916, -0.26269481983035803, -0.716029689181596
1
0.42669645929709077, 0.28084851102903485, -0.6879686559550464
1
-0.3070771084167063, -0.4899078942835331, 0.33223620476201177
0
0.7000349103473127, -0.33731859177351, -0.19157908530905843
1
0.5032367832027376, 0.005747235845774412, -0.5225931671448052
1
0.6814961521886289, -0.35606628423556685, 0.4325214633718133
2
-0.30557158729061484, 0.9166876436211169, -0.22014358546584845
2
-0.1747180111706257, -0.30838004359975457, -0.7419074159115553
1
0.11345317726954818, 0.7373809022828937, -0.503271687310189
2
-0.1514255227521062, -0.9658373282290995, 0.062111495062708855
2
-0.2568947901017964, -0.7894191769883037, -0.4787579313851893
2
-0.5677578416652977, -0.0036432407796382904, 0.15145015716552734
0
-0.3224864052608609, 0.1941143018193543, -0.1863347482867539
0
0.25232022907584906, -0.19520643772557378, 0.7979268175549805
1
-0.04970849584788084, 0.07053039176389575, 0.20675456756725907
0
0.030242049600929022, -0.44843003060668707, 0.6650229915976524
1
-0.2971555311232805, 0.22999978950247169, -0.4545302791520953
0
-0.3837028341367841, 0.8348585600033402, -0.3021455002017319
2
0.13209087029099464, 0.5603608954697847, 0.16727190418168902
0
-0.5472165308892727, 0.07081132521852851, -0.6878906302154064
2
-0.6438478156924248, 0.4783150632865727, -0.4963584137149155
2
-0.08604700770229101, -0.6130392588675022, -0.21386009408161044
0
0.7179605457931757, -0.37459988985210657, -0.19635290279984474
1
-0.29091151244938374, -0.3773407004773617, 0.14068424701690674
0
-0.3444670755416155, 0.5922030108049512, 0.14305328158661723
1
0.6528199496679008, -0.545488238800317, -0.44953497871756554
2
0.5551728159189224, -0.6860481933690608, 0.3869302626699209
2
0.3936083079315722, -0.26650082459673285, -0.03756352746859193
0
-0.72314882138744, -0.5703502814285457, -0.02333254786208272
2
-0.8566843145526946, -0.23198116570711136, -0.288040351588279
2
-0.0744204274378717, -0.820600762963295, -0.1276472075842321
1
0.43381945230066776, 0.057371300645172596, 0.0660301074385643
0
-0.35168044082820415, 0.28210060065612197, 0.6227008951827884
1
-0.4351348695345223, 0.1372986426576972, -0.5109057370573282
0
0.27817477751523256, 0.6125616510398686, -0.4324340121820569
1
0.13360975636169314, -0.18048622831702232, 0.5612070062197745
0
-0.20822352822870016, 0.16222373768687248, -0.7834877609275281
1
-0.18024673592299223, -0.20498710218816996, 0.626595860812813
0
0.28242609137669206, -0.539875756483525, 0.3095705690793693
0
-0.39684094535186887, -0.5107838045805693, -0.1816833671182394
0
-0.14622316928580403, -0.25963888317346573, -0.17244710540398955
0
-0.27594561921432614, -0.01931075658649206, -0.8060041186399758
1
-0.24288275884464383, 0.7435795641504228, -0.20997563796117902
1
0.882592087611556, -0.30824861908331513, -0.02451478410512209
2
-0.5906594665721059, -0.4996718200854957, -0.05721303401514888
1
0.48205070197582245, 0.3706234614364803, 0.43262677267193794
1
-0.16341563826426864, -0.2468539155088365, 0.4968018331564963
0
-0.0032132682390511036, -0.2108018333092332, 0.8516217521391809
2
0.26138152135536075, -0.6332148141227663, 0.573211629409343
2
-0.043350886553525925, 0.3038339582271874, -0.25741381850093603
0
-0.5119518027640879, -0.5689041842706501, -0.5173058239743114
2
-0.873683663085103, -0.022996054030954838, -0.37653378304094076
2
0.07114234333857894, 0.17173708928748965, -0.2689784155227244
0
-0.40690640173852444, 0.1801613182760775, 0.461433747317642
0
-0.1445281794294715, -0.40466999262571335, 0.3371928804554045
0
0.5357891973108053, -0.2545188032090664, -0.714674323797226
2
0.6355246184393764, -0.686530748847872, 0.21966567542403936
2
0.07863383134827018, -0.2577289463952184, -0.43987219128757715
0
-0.1631725039333105, 0.5284478547982872, -0.697939376346767
2
-0.1426458740606904, -0.02772631449624896, -0.3887293334119022
0
-0.4591115191578865, -0.05578414211049676, 0.38843433326110244
0
0.06452985247597098, 0.6642492283135653, -0.6406704704277217
2
0.16337406542152166, -0.8533013151027262, -0.48771547246724367
2
-0.18551206402480602, -0.303164791315794, -0.7071112073026597
1
-0.48642866872251034, -0.2977694422006607, -0.37315697595477104
0
-0.748436747584492, 0.03028762061148882, 0.1593800405971706
1
0.3777080401778221, -0.6730701718479395, -0.14632340613752604
1
0.6517055165022612, -0.44554414600133896, -0.4446586770936847
2
-0.2504425486549735, -0.41803809674456716, 0.6961468630470335
1
0.18356398213654757, 0.05414167232811451, 0.6618780512362719
0
-0.5030095893889666, -0.019289440475404263, 0.004726739134639502
0
-0.5829517748206854, -0.4714102791622281, -0.3445310234092176
1
-0.01942346151918173, -0.2889157678000629, -0.5661718449555337
0
0.8530576322227716, 0.26455669989809394, 0.06494408892467618
2
-0.7970555070787668, 0.3755193306133151, 0.3848385554738343
2
-0.1489453697577119, -0.20196613064035773, 0.6181794707663357
0
-0.4238099525682628, -0.013606575317680836, -0.7407041438855231
1
-0.008167807012796402, -0.02306417003273964, 0.7519878819584846
1
-0.3690067296847701, 0.839319558814168, 0.38849555933848023
2
-0.6748065575957298, -0.37339106341823936, -0.0745430514216423
1
-0.04940800229087472, -0.46124611515551805, -0.8038049950264394
2
-0.5911841322667897, -0.48067061230540276, 0.06664877757430077
1
-0.5644159927032888, 9.317593649029732E-4, -0.36804762622341514
0
-0.6791501850821078, -0.33104491233825684, -0.5162267088890076
2
0.5477949264459312, 0.44172552693635225, -0.6799359433352947
2
0.4351937361061573, -0.7103716135025024, 0.2355571249499917
1
0.0024731052108108997, -0.9507460980676115, 0.10005572903901339
2
-0.18190828477963805, -0.25568643491715193, -0.06928625795990229
0
-0.2171467086300254, -0.25891275331377983, -0.6045753983780742
0
-0.37807207787409425, 0.49883532291278243, -0.18483456410467625
0
-0.39909943426027894, 0.2852261275984347, 0.8674188791774213
2
0.642414185218513, 0.4094785857014358, 0.583324040286243
2
0.6209256467409432, 0.08220499800518155, -0.4755268208682537
1
0.24159492272883654, -0.2822516206651926, 0.11154380347579718
0
0.6861631609499454, 0.3731996980495751, 0.3624391723424196
1
0.3034797268919647, -0.3501986004412174, -0.38228162797167897
0
-0.200612953864038, -0.35292267240583897, -0.11891563422977924
0
-0.17686649365350604, -0.8389097051694989, -0.44113606633618474
2
0.129697535187006, 0.12212664680555463, 0.3732019276358187
0
-0.46988316532224417, 0.3215995207428932, 0.2675838889554143
0
-0.3690047413110733, -0.5464508850127459, -0.0951269413344562
0
0.08671454293653369, -0.05676763877272606, -0.5349072320386767
0
-0.3475121040828526, -0.08750513987615705, -0.33001919789239764
0
0.7957685659639537, -0.24124889494851232, -0.31987583078444004
2
0.4726873994804919, -0.4642613045871258, -0.15922600962221622
0
0.6852491227909923, -0.36852194694802165, 0.47254907758906484
2
0.3409023922868073, 0.09403957286849618, -0.10150640923529863
0
-0.6654718075878918, 0.22975280415266752, 0.564788659568876
2
-0.3307905662804842, 0.5518904086202383, -0.3877840982750058
1
-0.3884778171777725, -0.3146914769895375, 0.19070932688191533
0
-0.3500871667638421, -0.5455371821299195, -0.7427729768678546
2
0.08884369814768434, -0.8222419521771371, -0.5157055631279945
2
0.18289577774703503, -0.7426726990379393, 0.203689391259104
1
-0.6411064546555281, -0.22845328971743584, -0.39518382865935564
1
-0.22635390562936664, -0.513945962768048, 0.31423434941098094
0
0.8825175138190389, -0.14767805207520723, 0.13949136901646852
2
-0.07469750894233584, -0.4731780136935413, 0.22389166988432407
0
0.03908843174576759, 0.21188346529379487, 0.6392293898388743
0
-0.039195191115140915, 0.4509076252579689, -0.6742652473039925
1
0.048301405273377895, 0.6268193498253822, 0.09509019181132317
0
0.26733652735129, 0.33832089975476265, 0.5803312733769417
1
-0.3843405554071069, -0.3900960199534893, -0.29713208694010973
0
0.12597179785370827, -0.18735853862017393, -0.5237705837935209
0
0.6959451669827104, -0.44900731602683663, 0.1523286122828722
1
0.6118476740084589, 0.25498859118670225, 0.7143816850148141
2
-0.20015173079445958, 0.06450283713638783, -0.0446021081879735
0
0.19321969151496887, -0.19852381432428956, 0.3417987311258912
0
0.10486397752538323, 0.14262262312695384, 0.7348963813856244
1
0.31880802335217595, -0.41212699143216014, -0.053484403528273106
0
0.3124604569748044, 0.17324562231078744, -0.23842340428382158
0
-0.38276072684675455, -0.32433422189205885, -0.42865593219175935
0
-0.034589005168527365, -0.6911877379752696, -0.6897688363678753
2
0.5874863425269723, 0.38442275300621986, 0.0597170228138566
1
-0.26821396173909307, 0.19787499401718378, 0.8891524630598724
2
0.10316507564857602, -0.5466761868447065, 0.17733469931408763
0
-0.15988998301327229, 0.8072460046969354, -0.4665067824535072
2
0.3795320182107389, 0.3822273835539818, -0.5162378116510808
1
0.16155334189534187, -0.34975257562473416, -0.29996916512027383
0
0.5563082695007324, -0.32926112273707986, 0.4899533339776099
1
-0.05080800736322999, -0.7069417126476765, 0.48222253704443574
1
-0.14085367787629366, 0.7175861923024058, -0.08259080816060305
1
-0.4001725767739117, -0.373782389331609, 0.2788478643633425
0
-0.09790917485952377, -0.37247453071177006, -0.86542042857036
2
0.8401519530452788, 0.18153965286910534, -0.2946471767500043
2
0.5819101775996387, -0.14072815421968699, 0.42818233044818044
1
0.3185448916628957, -0.2140014306642115, -0.723396850284189
1
-0.22800040757283568, -0.7454059622250497, 0.5193310026079416
2
-0.4438007357530296, 0.11409432953223586, 0.3484600046649575
0
0.058462835382670164, 0.15117046236991882, -0.29864053102210164
0
0.37426290288567543, 0.07919039251282811, -0.5734179695136845
0
-0.24607465090230107, 0.20770435919985175, -0.9271446014754474
2
0.0025719921104609966, 0.07104652933776379, -0.8354592849500477
1
-0.477565411478281, 0.38471865840256214, -0.007584677543491125
0
-0.2150914017111063, 0.7675499031320214, -0.3830728786997497
2
0.08983748871833086, 0.5364558547735214, -0.71347351744771
2
0.07199265109375119, 0.1656092000193894, -0.7910569035448134
1
0.5734650022350252, 0.29091775557026267, -0.019795291125774384
0
0.05997026991099119, -0.2511379001662135, -0.5604747929610312
0
0.726239965762943, -0.05702013848349452, 0.21179332118481398
1
0.5371623621322215, 0.3184924852102995, 0.3478109329007566
1
0.6344953360967338, -0.44818754168227315, -0.18211857788264751
1
0.0856583146378398, -0.24898694595322013, -0.24646975193172693
0
-0.0028304746374487877, -0.6836552764289081, -0.6193721983581781
2
0.5182947427965701, -0.25351533805951476, 0.43630216969177127
1
0.011365024372935295, 0.2556106662377715, 0.736171348951757
1
0.3654681439511478, -0.8122252854518592, 0.23391658160835505
2
0.1612114105373621, -0.2235204055905342, -0.31590923108160496
0
-0.001959840767085552, -0.3811366455629468, -0.5086537110619247
0
-0.5147240883670747, 0.7456327634863555, -0.1452897572889924
2
-0.0695175239816308, -0.829931971617043, 0.32570409774780273
2
0.318014457821846, -0.4756998047232628, -0.1560859913006425
0
0.16706353100016713, -0.49920282885432243, 0.39844346418976784
0
-0.02395887253805995, -0.20575881376862526, -0.30721641005948186
0
-0.3548268051818013, 0.38698624121025205, 0.12017761124297976
0
-0.30001199478283525, -0.40609921561554074, -0.5373738780617714
1
-0.35489492770284414, 0.2794570019468665, 0.2508261352777481
0
0.36471825651824474, 0.6040727132931352, 0.6958879861049354
2
0.0019141267985105515, -0.45674637565389276, -0.8642933452501893
2
-0.004981944337487221, 0.5006089569069445, -0.1649830206297338
0
-0.6680126520805061, 0.660943869035691, 0.18864152301102877
2
0.7945964271202683, -0.5298555451445282, -0.2271027690730989
2
-0.042853154707700014, -0.20330454083159566, 0.5963268782943487
0
0.3000958161428571, -0.04926096508279443, 0.47084493609145284
0
-0.19128680042922497, 0.45458019617944956, 0.3127361470833421
0
-0.026927432511001825, 0.987640515435487, -0.00837989803403616
2
0.23423404712229967, 0.18750781612470746, 0.10418514627963305
0
-0.6562604904174805, 0.3245334313251078, 0.39679858228191733
1
-0.6898126075975597, -0.033728985115885735, 0.3395048603415489
1
0.6239639576524496, -0.6178122968412936, 0.14407850429415703
2
-0.31660649459809065, 0.17007950972765684, -0.4380331546999514
0
0.7799403998069465, 0.26737341983243823, 0.47215752908959985
2
0.3121964242309332, -0.2697366960346699, -0.4897675318643451
0
0.7495385236106813, 0.1564291836693883, 0.4065077109262347
1
-0.12720341235399246, 0.4458359186537564, 0.5573435625992715
1
-0.5886588417924941, -0.284195682965219, -0.48082751175388694
1
-0.5679434603080153, 0.6157101434655488, -0.4570221621543169
2
0.8842608402483165, 0.016143071930855513, 0.2684112745337188
2
0.3476777346804738, -0.5390473874285817, -0.40712899481877685
1
-0.033365512266755104, 0.843280746601522, -0.37127304822206497
2
-0.8048363090492785, -0.3560165143571794, -0.03741146391257644
2
-0.16676302161067724, -0.05169293377548456, 0.17193270521238446
0
-0.5266897091642022, 0.4163802107796073, 0.509954069275409
1
-0.22916199266910553, -0.19440605863928795, 0.5208701994270086
0
-0.4226099303923547, -0.5387913924641907, -0.058451039250940084
0
0.007051902823150158, -0.9001914146356285, -0.4183716820552945
2
-0.49155183508992195, -0.26034008618444204, -0.41981608886271715
1
0.5234689079225063, 0.41934431809931993, 0.592471775598824
2
-0.4459620867855847, -0.03554214909672737, -0.492550072260201
0
-0.1106286896392703, -0.2797111696563661, 0.34722437569871545
0
0.5780319478362799, 0.41887861443683505, -0.697803046554327
2
-0.13928718445822597, -0.5047584814019501, -0.5550473486073315
1
-0.7415928156115115, 0.5452362657524645, 0.0867410134524107
2
-0.25673430040478706, -0.5817890432663262, -0.08089621597900987
0
0.6279026833362877, 0.45534752309322357, -0.05238024331629276
1
0.06798552209511399, -0.5569620239548385, 0.2706224569119513
0
0.5357241090387106, -0.5568008711561561, 0.15138594713062048
1
-0.302064654417336, -0.289225943852216, 0.4503793600015342
0
-0.02427008142694831, -0.46658786851912737, 0.6715228888206184
1
-0.6855135266669095, 0.49506849562749267, 0.08907102746888995
1
0.8690130668692291, 0.19839287549257278, 0.03521966515108943
2
-0.03053021105006337, -0.4718377166427672, -0.32876689173281193
0
-0.7539267572574317, -0.23852240853011608, 0.4574571717530489
2
0.34713035030290484, 0.028843373525887728, -0.6960244453512132
1
-0.6115262247622013, -0.3578960751183331, -0.6424231650307775
2
0.7093365774489939, -0.25139978993684053, -0.462388270534575
2
0.16834187973290682, -0.17735645873472095, 0.8960269060917199
2
-0.679996257647872, -0.5584390461444855, 0.14606494875624776
2
0.8015588717535138, 0.5841230386868119, -0.00542235653847456
2
0.6624529496766627, -0.28793204203248024, 0.4167128331027925
1
0.5490491753444076, 0.044824246782809496, -0.7671349812299013
2
0.10932818381115794, 0.3192874570377171, 0.7763473992235959
1
0.07398323249071836, -0.4186247340403497, -0.373775290325284
0
-0.15962371928617358, -0.20085596945136786, 0.46744765993207693
0
0.16691622138023376, 0.570001199375838, -0.7898302064277232
2
0.5920349061489105, 0.5127278319559991, -0.1481350790709257
1
-0.8408000795170665, -0.1230626730248332, 0.45559299224987626
2
-0.13699889974668622, 0.27535270852968097, -0.5044608968310058
0
0.09572767885401845, -0.8346955152228475, -0.3771054148674011
2
0.04096459038555622, 0.8883985765278339, 0.12960446532815695
2
-0.16353443823754787, -0.0809340518899262, -0.126269715372473
0
0.38611687533557415, 0.5787863777950406, -0.1753604975529015
1
0.2081613913178444, -0.526073950342834, 0.3977771741338074
0
0.611621000804007, 0.2971708560362458, -0.5250450437888503
1
-0.5036128843203187, 0.49009924521669745, -0.706988722551614
2
-0.7804341786541045, -0.37656785175204277, -0.3758104778826237
2
0.6307790135033429, -0.06414701836183667, -0.012936251237988472
0
0.0031056837178766727, -0.3661195901222527, -0.29326019203290343
0
0.43858505599200726, -0.4843965554609895, 0.7312097172252834
2
0.5052690017037094, -0.10240501444786787, 0.515413957182318
1
0.1487652431242168, -0.05379254790022969, -0.3345854380168021
0
-0.14317152043804526, -0.11123524094000459, -0.9034297922626138
2
-0.019571711774915457, -0.4144379631616175, -0.8457702635787427
2
0.7060334188863635, 0.14773390535265207, -0.5874009681865573
2
-0.15521408943459392, 0.03954304754734039, 0.13718052208423615
0
0.2773365397006273, 0.7751908786594868, -0.3931017112918198
2
-0.4911632463335991, -0.25444962782785296, -0.4092387272976339
0
0.7721305768936872, -0.012586910277605057, -0.0065565393306314945
1
-0.4814057210460305, -0.7126500611193478, 0.2449584803543985
2
0.23213711520656943, -0.47971676057204604, -0.7029061298817396
2
0.0756950774230063, -0.26550554763525724, -0.6531772278249264
1
0.38794457959011197, -0.5337971588596702, -0.33757715253159404
1
-0.0644606170244515, 0.3410094096325338, 0.08198844688013196
0
-0.8614630405791104, 0.43419215455651283, -0.06410946138203144
2
-0.428912662435323, -0.661496764048934, -0.33344985032454133
1
0.1497382433153689, -0.604314642958343, -0.4588181572034955
1
-0.02450427459552884, -0.7964671989902854, 0.39333142526447773
2
-0.23811257351189852, -0.1966940825805068, 0.08528204122558236
0
0.6115057128481567, -0.3844223925843835, -0.15774961514398456
1
0.34060621820390224, 0.34631385654211044, -0.34452498285099864
0
0.8342228988185525, -0.10627905372530222, -0.19886913057416677
1
0.23736835271120071, 0.04969712905585766, -0.7812923253513873
1
-0.025612276047468185, -0.5218173987232149, 0.8283561924472451
2
0.23376692133024335, -0.4797604246996343, 0.6827133637852967
1
-0.33211694192141294, -0.06740810023620725, 0.5741325537674129
0
-0.26304764207452536, -0.2931416239589453, 0.27262043533846736
0
-0.19391047535464168, -0.46715063275769353, -0.8586212829686701
2
0.2075056666508317, -0.7485338957048953, 0.2724248324520886
1
-0.525034302379936, 0.23705629259347916, 0.6894771959632635
2
-0.04628635663539171, -0.22478875890374184, -0.45095505472272635
0
-0.17993124946951866, 0.6945207635872066, 0.6025699218735099
2
0.6032453961670399, -0.3566463030874729, 0.2781490199267864
1
0.41719216108322144, -0.43267691414803267, -0.689685202203691
2
-0.2703057141043246, -0.21053990768268704, -0.11945832148194313
0
-0.09311837842687964, 0.08887129370123148, -0.42014243360608816
0
-0.4244849975220859, -0.4399567870423198, -0.3205761224962771
0
0.3054812913760543, -0.8276141658425331, -0.42537076445296407
2
-0.11819410230964422, 0.8519611433148384, 0.26835694815963507
2
0.14149303827434778, 0.2536949310451746, -0.0970123172737658
0
0.12467612279579043, -0.2013073512353003, -0.9680590191856027
2
-0.053433941677212715, 0.1764384275302291, -0.7163843447342515
1
-0.13445069314911962, 0.7621420314535499, -0.02927858754992485
1
-0.5342690590769053, 0.38732007751241326, 0.21428304444998503
1
0.19459650944918394, -0.7128559080883861, 0.37798947701230645
1
-0.13247158518061042, -0.673554384149611, -0.2906970167532563
1
0.30309824738651514, 0.05820960504934192, -0.281835712492466
0
0.5457056765444577, 0.09556692093610764, 0.22973344335332513
0
0.025166284292936325, 0.008771617896854877, -0.743632335215807
1
-0.5839316067285836, 0.16386372316628695, -0.630732698366046
2
0.17520801117643714, 0.1602126806974411, 0.11079313233494759
0
-0.08039660984650254, -0.09339090390130877, 0.9673827411606908
2
0.7027610209770501, -0.3031685701571405, 0.10993154207244515
1
-0.7027531783096492, 0.5756224999204278, -0.1279475730843842
2
0.3177009201608598, -0.48072876315563917, 0.6947086374275386
2
-0.4747023154050112, 0.2306937901303172, -0.15955729689449072
0
-0.1466959249228239, -0.23277735710144043, 0.6941699427552521
1
-0.3578773410990834, 0.4169826810248196, 0.4728653649799526
1
0.08891293546184897, -0.6669307462871075, 0.625276000238955
2
-0.7784941303543746, -0.21522966120392084, -0.5179450437426567
2
0.14163597952574492, -0.10918585630133748, 0.5233169631101191
0
-0.4291373142041266, -0.054638305213302374, -0.809372250456363
2
-0.33129425812512636, -0.7275821850635111, 0.271511675324291
1
0.19764541182667017, -0.6080495491623878, 0.4738131547346711
1
-0.7664823695085943, -0.03822345053777099, 0.13308586925268173
1
-0.23058979166671634, 0.26453605061396956, -0.9298359667882323
2
-0.5604561879299581, 0.5035501811653376, 0.26705678505823016
1
0.8592339106835425, -0.4481661063618958, 0.1597639643587172
2
-0.6704194680787623, -0.3819581847637892, -0.5645194221287966
2
-0.6136890393681824, 0.5805560513399541, -0.22595784673467278
2
0.2235747897066176, 0.7965598995797336, 0.2509979233145714
1
-0.26276006968691945, 0.050161441788077354, -0.8782240045256913
2
0.25667288107797503, -0.37076963391155005, -0.6798163577914238
1
-0.6102842888794839, -0.4166126437485218, 0.3069544550962746
1
0.5935598597861826, 0.30397992907091975, 0.6749501791782677
2
-0.32357564847916365, 0.9307217583991587, 0.023892709985375404
2
0.2108455584384501, -0.7963592233136296, -0.2105922275222838
1
0.07315482245758176, 0.293069405015558, 0.2761925836093724
0
0.04771444154903293, -0.6170068667270243, 0.7602028455585241
2
0.17189214378595352, -0.11153253307566047, 0.9335134965367615
2
-0.4951894758269191, -0.399385292083025, -0.40111146681010723
1
0.723166445735842, -0.3229242889210582, -0.04325552098453045
1
0.42436155769973993, -0.8544030841439962, -0.05430723400786519
2
0.331837325822562, -0.044304571114480495, -0.46452854620292783
0
-0.6164015466347337, 0.2638681991957128, -0.3821970201097429
1
-0.05913968291133642, -0.09475319180637598, 0.8117884104140103
1
0.03354227729141712, 0.4823291595093906, -0.46420883806422353
0
-0.03744450956583023, 0.17985563818365335, 0.46239122096449137
0
-0.23794841393828392, -0.14961635461077094, -0.33204987784847617
0
0.8035988323390484, -0.178112736903131, 0.10695670219138265
1
0.13886882923543453, 0.41654571099206805, 0.6347576738335192
1
0.3963742945343256, -0.1503816321492195, -0.32654494047164917
0
0.923262988217175, 0.33441237080842257, -0.0215826821513474
2
-0.3262601848691702, 0.7698285970836878, -0.08791420608758926
1
0.664247639477253, 0.05708560114726424, 0.5286656161770225
1
0.1993537894450128, 0.16136073367670178, -0.4599809725768864
0
0.11984451860189438, 0.5206450941041112, 0.32564941607415676
0
-0.7387325265444815, 0.4989888514392078, -0.2935535334981978
2
-0.5744928056374192, 0.14874259755015373, -0.678605972789228
2
0.11049409583210945, -0.945202590432018, 0.1817812523804605
2
-0.9323715600185096, 0.13634422654286027, 0.012380249332636595
2
-0.4199976990930736, 0.22645595343783498, -0.4485776894725859
0
-0.4572251127101481, 0.41317384550347924, 0.5159712415188551
1
-0.09138492774218321, -0.6205396517179906, -0.6526417564600706
2
-0.43659063801169395, 0.5928884060122073, -0.48001264594495296
2
-0.6718578664585948, 0.05910228751599789, 0.08427260536700487
0
0.23443439090624452, 0.5497870934195817, -0.020863397046923637
0
-0.5106057114899158, 0.14118960686028004, -0.22636593785136938
0
-0.14197281189262867, -0.49492586590349674, 0.4020727979950607
0
0.6687514148652554, -0.30598980328068137, 0.41818087780848145
1
0.47090734262019396, -0.27433958230540156, 0.1385394842363894
0
-0.5358362947590649, 0.2511802827939391, 0.6904170289635658
2
0.6007472230121493, -0.09550653537735343, 0.7781999562866986
2
0.30989780370146036, 0.32355322362855077, -0.1847766563296318
0
0.8593341954983771, 0.15983876353129745, 0.15429050149396062
2
-0.6719963317736983, 0.6528271776624024, -0.06955908238887787
2
0.43383959075435996, -0.47255817661061883, 0.4510593502782285
1
-0.5128907593898475, 0.20673562865704298, -0.18801855947822332
0
0.8719888147898018, -0.14150211680680513, 0.23269268404692411
2
-0.16550981579348445, 0.20050150016322732, -0.2631301307119429
0
0.3998996978625655, -0.5080759087577462, -0.5942562287673354
2
-0.059205420315265656, 0.6201101946644485, 0.12139744637534022
0
0.0022163251414895058, 0.4891252634115517, 0.20104805566370487
0
-0.5424291365779936, -0.5953601095825434, 0.1864943471737206
1
-0.6486687883734703, 0.028414099011570215, 0.7356998100876808
2
0.13284739712253213, -0.1637012055143714, 0.7547108940780163
1
0.17903606314212084, -0.09098846279084682, -0.7388155465014279
1
-0.1025694883428514, 0.8512895442545414, -0.1115243574604392
1
0.2678618375211954, -0.5300867771729827, 0.4496010155417025
1
-0.6982075916603208, 0.19130215980112553, 0.4300397178158164
1
-0.025328191462904215, -0.25890171993523836, -0.460704053286463
0
0.38181850453838706, 0.16467800829559565, 0.14860680047422647
0
0.09470122447237372, -0.33347299974411726, 0.9039667844772339
2
-0.8019989556632936, 0.3640342024154961, -0.07716855453327298
2
-0.6743749096058309, -0.44343743892386556, 0.1172176580876112
1
0.07645066827535629, -0.44789377599954605, 0.5875045410357416
1
0.15789765072986484, -0.44754713121801615, -0.6152557046152651
1
0.7825899822637439, 0.08458171272650361, -0.07165869884192944
1
0.016011403407901525, -0.6400474878028035, 0.7174250120297074
2
0.06043135607615113, -0.714791270904243, -0.16020302614197135
1
0.66330845374614, -0.2200803649611771, -0.0654864446260035
1
0.5411636950448155, -0.3082752167247236, -0.7152937790378928
2
0.9052644562907517, 0.3595259301364422, -0.11368939746171236
2
0.792190158739686, -0.3146801423281431, -0.27447858871892095
2
-0.4920867457985878, -0.10945547930896282, 0.8056361530907452
2
0.5359248071908951, 0.2890270007774234, 0.3660059585236013
1
-0.5968820904381573, 0.649501093197614, 0.01795212598517537
2
0.35588305350393057, -0.1850548884831369, 0.4923275145702064
0
-0.16223020246252418, -0.523544673807919, 0.12619284261018038
0
0.5028246375732124, 0.23635632917284966, -0.25192883843556046
0
0.49729169020429254, -0.36658362904563546, 0.49602265609428287
1
0.9406635989435017, -0.11116963624954224, 0.288351867813617
2
-0.530446719378233, 0.6798455757088959, 0.500145809724927
2
0.10472955321893096, 0.5832857084460557, 0.07725033024325967
0
0.4136304841376841, 0.5731157995760441, -0.1881870524957776
1
0.34785819379612803, 0.1738149467855692, 0.4869175124913454
0
0.6653194832615554, 0.6773635195568204, -0.20366655895486474
2
0.041436037980020046, 0.7701900494284928, 0.558759493753314
2
0.027222049422562122, -0.8524104757234454, 0.10603005485609174
1
0.2169520971365273, -0.31211744574829936, -0.4310680776834488
0
0.5464352313429117, -0.2420807690359652, -0.22665468556806445
0
0.01769332541152835, -0.35763106727972627, 0.398170277941972
0
-0.43613308714702725, -0.009052031207829714, -0.25738419592380524
0
-0.316517585888505, 0.5302505372092128, 0.453443247359246
1
-0.08296004682779312, 0.45693629886955023, 0.7222192930057645
1
-0.06375787639990449, 0.5542354378849268, -0.8221982042305171
2
-0.3593306075781584, 0.1442525079473853, 0.41504827700555325
0
-0.41047907108440995, 0.13937970390543342, -0.10911236982792616
0
-0.8412806992419064, 0.1788164209574461, 0.3240934037603438
2
0.28991302056238055, 0.5936594847589731, -0.05327559029683471
0
-0.20833761431276798, 0.31904685497283936, 0.4515501451678574
0
0.05858997767791152, -0.39219864876940846, 0.37770814215764403
0
0.280258244369179, 0.04695321759209037, -0.24213749449700117
0
0.07147849444299936, 0.021230887155979872, -0.009676504414528608
0
-0.6108579891733825, -0.4861024525016546, -0.5327434870414436
2
-0.037879579700529575, -0.007100059185177088, 0.18206602474674582
0
-0.5931310425512493, -0.47696701623499393, -0.224852429702878
1
0.19513348350301385, -0.08328060666099191, -0.5674376022070646
0
0.5088171986863017, 0.3191136256791651, -0.4894138681702316
1
0.3067512637935579, -0.059579549357295036, -0.21291440073400736
0
0.05914155161008239, -0.5865651373751462, -0.4682177328504622
1
-0.0032592536881566048, -0.2877149684354663, -0.21454469207674265
0
0.9619220905005932, -0.05421736417338252, 0.09463377436622977
2
0.15612439112737775, -0.4744817307218909, -0.13867148756980896
0
0.35468524880707264, 0.4880804857239127, -0.6056333356536925
1
-0.5021219369955361, -0.8078400706872344, 0.10209900513291359
2
-0.10634594643488526, -0.2842770079150796, -0.24865415832027793
0
0.33650914393365383, -0.25055878655985, 0.9029443757608533
2
0.6716391225345433, -0.00852468516677618, 0.5512427948415279
1
-0.10363773442804813, -0.9480319889262319, 0.08639753656461835
2
0.22682033153250813, -0.458074864000082, 0.1352123972028494
0
-0.02955493936315179, -0.697710647713393, -0.3004840803332627
1
-0.6408328884281218, 0.41653931187465787, 0.20322082564234734
1
0.7573571046814322, -0.15275206416845322, 0.6336171054281294
2
0.051628347020596266, 0.4370461907237768, -0.35954721784219146
0
0.8785762162879109, 0.10932254884392023, -0.023757267743349075
2
0.016336780041456223, 0.1882451493293047, 0.4411751409061253
0
0.5987667883746326, 0.13837409811094403, 0.7524191509000957
2
0.9165483419783413, -0.2354464503005147, -0.31657913280650973
2
0.5115415523760021, 0.047771701123565435, 0.5174827752634883
1
0.9392298297025263, 0.05977133475244045, 0.1081495275720954
2
0.5727619430981576, -0.4957463424652815, 0.13754908787086606
1
0.643342996481806, 0.17282934673130512, -0.639024855569005
2
0.12369849579408765, -0.07441139919683337, -0.7428457327187061
1
-0.06097311805933714, -0.12531850626692176, 0.057229614816606045
0
-0.3851024857722223, 0.42418338684365153, -0.6353228474035859
1
-0.20194132532924414, -0.33592394599691033, 0.45767412055283785
0
-0.30162813887000084, -0.5614655688405037, -0.11520343367010355
0
-0.04918122151866555, -0.22375616850331426, 0.6731305294670165
1
-0.8678607186302543, -0.16562287975102663, -0.24033991526812315
2
-0.6453534257598221, -0.6869777711108327, -0.11197944497689605
2
-0.22392420005053282, 0.7247307249344885, -0.6422677687369287
2
0.5052703265100718, -0.15741982823237777, 0.11169373197481036
0
-0.9031211868859828, 0.4126347708515823, 0.008050485979765654
2
0.4341606432572007, -0.45427414728328586, -0.13584105437621474
0
-0.47307792166247964, 0.46687272284179926, 0.1709472401998937
0
0.3634587307460606, 0.3575271465815604, 0.5374350557103753
1
-0.5394192053936422, -0.181216549128294, -0.7505032937042415
2
0.2634599790908396, -0.36291544418781996, 0.183083092328161
0
0.8294553533196449, -0.16702415654435754, -0.18423005426302552
1
-0.5370762445963919, 0.07657290063798428, 0.2897186679765582
0
0.4230071483179927, -0.11667226441204548, 0.4273786460980773
0
0.22999890707433224, -0.7192573891952634, 0.4133378551341593
1
0.36560101760551333, 0.5515365051105618, -0.11661755852401257
0
-0.41718054516240954, -0.15909558394923806, -0.884242903906852
2
0.3593331156298518, -0.7366981077939272, 0.4397200713865459
2
0.16648901998996735, 0.605419659987092, 0.6101985797286034
2
-0.41270983358845115, 0.6442664889618754, -0.31832636520266533
1
0.30495663452893496, -0.4390095118433237, -0.19023619266226888
0
-0.539437354542315, 0.765696095302701, -0.05807444034144282
2
-0.07189487013965845, -0.043279815930873156, 0.5057501974515617
0
0.01589369587600231, 0.42985941655933857, -0.01449353527277708
0
0.036240140441805124, -0.35382408928126097, 0.7147808708250523
1
-0.25518549513071775, 0.29598521860316396, 0.18390598660334945
0
-0.29770895931869745, 0.014119300059974194, -0.04575314885005355
0
-0.7422310733236372, -0.14341253088787198, 0.10957825882360339
1
-0.5862527335993946, -0.2802964532747865, 0.7248860476538539
2
-7.770308293402195E-4, -0.6498709814622998, -0.6170710325241089
2
0.09016669495031238, 0.7110210191458464, 0.2752269650809467
1
0.5505359070375562, 0.5543991466984153, 0.5464547057636082
2
0.1912411618977785, -0.3171990793198347, 0.46561539685353637
0
0.1486772857606411, 0.5761265773326159, 0.023123092018067837
0
-0.6267445255070925, -0.3305573631078005, 0.3484607827849686
1
-0.46189494663849473, 0.2346214260905981, 0.7226122342981398
2
0.6503092432394624, -0.17691458435729146, -0.269147043582052
1
0.388676181435585, -0.5798174324445426, -0.48105448205024004
1
0.46822795551270247, 0.08079257281497121, -0.2594433417543769
0
0.053730729036033154, 0.7165873311460018, -0.583933035377413
2
0.012786169536411762, -0.12992889992892742, -0.9851357499137521
2
-0.27985702315345407, -0.7561556426808238, 0.3317318521440029
1
-0.2386196362785995, -0.6793188634328544, 0.6114792679436505
2
-0.6863070586696267, 0.272596666123718, 0.4953935327939689
2
-0.5741576920263469, 0.033970657736063004, 0.6828846759162843
2
-0.009102605283260345, 0.5921776071190834, 0.3278162577189505
0
0.009455610532313585, 0.14869347820058465, 0.39519057469442487
0
-0.792390629183501, -0.15644179517403245, -0.14313556905835867
1
-0.4754924429580569, -0.5402656607329845, -0.3984574694186449
1
-0.8496840000152588, 0.271727881859988, -0.3575788252055645
2
-0.18108460120856762, 0.7655427688732743, 0.2031743316911161
1
0.6550356955267489, -0.05437631020322442, -0.7134902351535857
2
-0.223805770277977, 0.7973831053823233, -0.008203003089874983
1
0.8279009987600148, -0.3561589401215315, -0.32755888858810067
2
0.6431354288943112, 0.7190907052718103, 0.1524257375858724
2
0.3306520297192037, -0.7292493772692978, -0.19313697423785925
1
-0.42664584005251527, 0.5035755536518991, 0.42097888980060816
1
-0.3515460635535419, 0.2650960646569729, -0.2448101001791656
0
-0.40301007870584726, 0.20650513423606753, -0.23113105818629265
0
0.7622935338877141, -0.33664394496008754, 0.08389238500967622
1
-0.5569210071116686, 0.15720029175281525, -0.5447208941914141
1
-0.6407914846204221, 0.12372069200500846, -0.5750574888661504
1
-0.6611735192127526, -0.4041618453338742, -0.5213442114181817
2
0.3860477232374251, 0.6555964299477637, -0.6231183237396181
2
0.7983921654522419, -0.2673997459933162, -0.4688953715376556
2
0.07299008592963219, -0.19790601450949907, 0.5702828504145145
0
0.10818557068705559, 0.5165611114352942, -0.5531488680280745
1
-0.02764903148636222, -0.08906554989516735, -0.8053971063345671
1
-0.6130906203761697, -0.5090548899024725, 0.1810588939115405
1
-0.4506440432742238, 0.47843370446935296, -0.2815732853487134
1
0.7096254932694137, -0.30209438875317574, 0.4618746181949973
2
-0.4100917959585786, 0.4401912037283182, 0.08568058954551816
0
0.00684759858995676, -0.5844125733710825, -0.09834393812343478
0
-0.11510370438918471, -0.956273736897856, -0.06839124765247107
2
-0.4510931936092675, 0.227453269995749, 0.054804855957627296
0
-0.1478205700404942, 0.16963305650278926, 0.6606474723666906
1
0.5439465371891856, -0.1828447193838656, 0.7071252795867622
2
0.6346788676455617, 0.07559658912941813, 0.6108033619821072
2
-0.18662671092897654, 0.8466926389373839, -0.44770214799791574
2
-0.48318995209410787, 0.04658836591988802, -0.17399638378992677
0
0.5345461494289339, 0.5288977040909231, -0.42571712331846356
1
-0.0520579069852829, -0.8115661791525781, -0.4634033548645675
2
0.4987646462395787, 0.6622731336392462, 0.25243684044107795
1
-0.5357641009613872, 0.2698345510289073, -0.4285855400376022
1
0.18853896064683795, 0.6241041268222034, -0.1440187692642212
0
0.6763715958222747, -0.09062156174331903, 0.24438434606418014
1
-0.4445763952098787, 0.12410822557285428, 0.1660868702456355
0
0.2279488369822502, -0.7883182247169316, -0.012173657305538654
1
0.36514253821223974, -0.4137192633934319, 0.24480440374463797
0
-0.22937009623274207, -0.9263420426286757, -0.02608029590919614
2
0.06456978898495436, -0.014489726163446903, 0.6501906849443913
0
-0.1578584755770862, 0.556955037638545, 0.5715050902217627
1
-0.16748401010408998, -0.3092900365591049, -0.18589912867173553
0
0.07227395288646221, 0.061963208951056004, -0.5121132037602365
0
-0.20691605797037482, 0.2755081905052066, -0.8107338114641607
2
0.14799237111583352, 0.38296119309961796, 0.4234924423508346
0
-0.2913113487884402, 0.11417166655883193, -0.7729656035080552
1
0.32415997749194503, 0.18797767581418157, 0.37355580599978566
0
0.10027941688895226, -0.5546411303803325, -0.4878404410555959
1
-0.03771573631092906, -0.8882443043403327, -0.17156255710870028
2
-0.8862620168365538, -0.2842108872719109, -0.053831332828849554
2
-0.5728575536049902, 0.2359548769891262, 0.7549834684468806
2
-0.854032346047461, -0.4408450536429882, 0.17730609374120831
2
-0.4441792727448046, 0.23962984047830105, -0.18595223082229495
0
-0.7198264305479825, 0.007172598969191313, 0.2144383485428989
1
0.045440181624144316, -0.9540479322895408, -0.03359181992709637
2
0.4564560167491436, 0.013033903203904629, 0.6680989414453506
1
-0.15271190367639065, -0.34677418833598495, 0.14578822208568454
0
0.02060078503564, 0.7167822066694498, 0.17092862725257874
1
0.3689428614452481, -0.17968529928475618, 0.3151565599255264
0
-0.659196890424937, 0.07218558434396982, -0.12999544152989984
0
0.7980803875252604, 0.16357054887339473, -0.187749732285738
1
-0.26085931481793523, -0.1356136379763484, -0.13271908136084676
0
0.794564695097506, -0.37224782072007656, -0.1796498205512762
2
-0.0356907076202333, 0.19583988934755325, -0.4934247392229736
0
0.5130169545300305, -0.27051101764664054, -0.07010680949315429
0
-0.5699312179349363, 0.7948584593832493, 0.20000984193757176
2
0.47690040385350585, 0.22808215068653226, 0.7012949772179127
2
0.9281603433191776, -0.04737067315727472, -0.1106642629019916
2
-0.5784135470166802, -0.0549032399430871, -0.10614345176145434
0
0.7659671688452363, -0.47756759263575077, -0.3286061189137399
2
-0.2759354296140373, -0.22904520947486162, 0.6222496395930648
1
-0.675266862846911, 0.34286394948139787, -0.20896335691213608
1
-0.5780261815525591, -0.6719574346207082, 0.3626167899928987
2
-0.6169781712815166, 0.5558739369735122, -0.15882957680150867
1
-0.15084841987118125, -0.6814115382730961, -0.5934914443641901
2
0.09782315511256456, -0.7128638364374638, 0.6651614382863045
2
-0.09084819164127111, -0.3734363168478012, -0.15547922160476446
0
0.6474796431139112, 0.041475013829767704, 0.5615967973135412
1
-0.04883843567222357, -0.5161790507845581, 0.7485590009018779
2
-0.6052485499531031, 0.1981988288462162, 0.6906374506652355
2
-0.8251571543514729, 0.4316690801642835, -0.321001177188009
2
-0.008493664674460888, 0.35627619037404656, -0.4634066093713045
0
-0.4777041138149798, -0.3691163803450763, -0.4727690378203988
1
-0.6278886878862977, -0.1352911447174847, 0.7378434692509472
2
0.9575401148758829, 0.17053168592974544, 0.20919717149809003
2
0.4118763483129442, 0.6058826996013522, 0.5487573742866516
2
0.3630614341236651, 0.32046782737597823, 0.03455924382433295
0
0.5720268809236586, 0.14669797057285905, 0.6119981398805976
1
0.13716192543506622, 0.580900402739644, 0.3838220862671733
1
0.6890705763362348, 0.4069881387986243, -0.28655160032212734
1
-0.524047686252743, 0.7056165440008044, -0.259408013895154
2
-0.26331245992332697, -0.07202259171754122, 0.7032644916325808
1
0.15091843716800213, 0.2091058217920363, -0.2869876162149012
0
-0.3082218673080206, -0.42704638093709946, -0.4231154494918883
0
-0.2552447342313826, -0.42447193805128336, 0.6386442827060819
1
0.42101181810721755, -0.13185482192784548, 0.5737797389738262
1
0.7961606695316732, 0.3547854102216661, 0.22732936963438988
2
-0.01855948707088828, -0.7352361069060862, -0.085362090729177
1
0.12761236261576414, 0.5118923964910209, -0.522461801301688
1
0.10444286279380322, 0.9175779037177563, -0.18021093867719173
2
-0.1854162821546197, -0.5465903552249074, -0.5406006262637675
1
-0.48657936975359917, -0.2042374573647976, 0.5179628059267998
1
0.366691458504647, 0.22517529595643282, 0.8372400430962443
2
0.5736951837316155, 0.3437850303016603, -0.09554178034886718
0
-0.3519773571752012, -0.15289059933274984, -0.2876580520533025
0
0.6252348637208343, -0.275651752948761, 0.7116099800914526
2
-0.4785898015834391, -0.8376024002209306, -0.18879604851827025
2
0.7324930168688297, -0.2466514352709055, 0.4181706188246608
2
0.35278788954019547, -0.8164148307405412, -0.05783107876777649
2
-0.06273309839889407, -0.34985316824167967, 0.7764676930382848
1
-0.21965057961642742, -0.5227354783564806, 0.642446375451982
1
0.686545008327812, -0.23407328175380826, 0.2368465163744986
1
-0.8218121933750808, 0.41902933875098825, 0.30559102818369865
2
-0.3139253850094974, -0.44159891037270427, 0.8070879923179746
2
-0.6764068803749979, -0.4520754450932145, -0.2570910546928644
1
-0.6465879008173943, 0.6770415147766471, 0.17967688525095582
2
-0.3730631018988788, -0.05192555207759142, 0.9028270430862904
2
-0.45386809343472123, 0.42790585616603494, 0.05938701657578349
0
-0.6195233687758446, -0.4142147023230791, -0.5450110649690032
2
0.38250862527638674, -0.17255229782313108, -0.4857458705082536
0
-0.29836259922012687, 0.753485850058496, -0.4983355854637921
2
0.058715999592095613, -0.5402220347896218, -0.4943541204556823
1
-0.18447863729670644, -0.018388992175459862, -0.6575334495864809
0
-0.648763329256326, -0.22287888452410698, 0.039877562783658504
0
-0.5919284005649388, -0.29510700795799494, -0.31165855564177036
1
0.09612350119277835, 0.009912105277180672, -0.23171501467004418
0
0.17718961834907532, 0.127647559158504, -0.07599201472476125
0
0.18714764527976513, 0.05612121429294348, -0.38472901890054345
0
0.7805420001968741, 0.5184741150587797, 0.10834335768595338
2
-0.39338479097932577, 0.7073111664503813, -0.46027739299461246
2
0.5370741840451956, -0.27378366608172655, 0.421455143019557
1
-1.6001099720597267E-4, 0.29067353205755353, 0.7827109578065574
1
0.7397147472947836, -0.018016538117080927, -0.057085396721959114
1
0.18620383413508534, -0.024437560234218836, -0.42922672675922513
0
-0.24870779644697905, 0.10735986288636923, 0.014869125559926033
0
-0.8908203113824129, 0.22262450587004423, 0.3029138995334506
2
0.16738279117271304, 0.6521838973276317, -0.15141629381105304
0
-0.06260810233652592, -0.33198397886008024, -0.6774492375552654
1
-0.6286524594761431, -0.19112706976011395, 0.7433142657391727
2
0.5157467005774379, 0.3475853530690074, 0.30260505620390177
0
0.23185718478634953, 0.6126997363753617, -0.013010006863623857
0
-0.2943754461593926, 0.3470687489025295, 0.8708034688606858
2
-0.5596277476288378, -0.283819941803813, 0.29066079622134566
0
-0.7001482187770307, 0.43609359208494425, 0.281660967040807
1
0.6494793253950775, -0.2991499090567231, -0.41748928325250745
1
0.6459341552108526, 0.3755112630315125, -0.20256323320791125
1
0.5621026302687824, -0.32198461471125484, 0.6751907519064844
2
0.23187757702544332, -0.3175366064533591, 0.879198124166578
2
-0.6078313253819942, 0.4037117031402886, -0.40520944772288203
1
0.299089761916548, -0.30590746831148863, 0.7626965311355889
2
-0.6287631448358297, -0.056481223087757826, -0.30436960654333234
1
0.27423338079825044, 0.23559649009257555, -0.43487065471708775
0
-0.10306347580626607, -0.12174084549769759, -0.9537207372486591
2
0.21522591263055801, 0.6859716433100402, -0.4116446771658957
1
-0.2889102306216955, 0.45280309207737446, 0.39895907463505864
0
0.40357069997116923, -0.5592051353305578, -0.030939811374992132
0
0.33666823664680123, -0.3371319859288633, 0.6781972507014871
1
-0.14787642192095518, -0.46401287196204066, -0.7335541397333145
2
0.2544366605579853, -0.6065971152856946, -0.07770018372684717
0
-0.30000309040769935, 0.47403116337955, 0.14020074158906937
0
-0.22492058109492064, -0.7824640902690589, 0.47665782552212477
2
0.5000596852041781, -0.25792613672092557, -0.3168792985379696
0
0.029640967957675457, 0.43985685985535383, 0.6960635939612985
1
0.2814866048283875, -0.6582619356922805, -0.5748464963398874
2
-0.4657290377654135, 0.2510990593582392, 0.5886368709616363
1
0.29690585704520345, -0.49415476666763425, 0.4871256435289979
1
-0.27830813080072403, -0.5340149127878249, 0.2365637170150876
0
0.2071376354433596, 0.6970801935531199, -0.27112342370674014
1
-0.003862114157527685, -0.5042565995827317, 0.4126472012139857
0
0.057336495723575354, 0.46753244707360864, 0.3792256680317223
0
-0.3587434724904597, -0.5739670800976455, -0.3654948566108942
1
-0.03736552642658353, 0.1200375584885478, -0.5630695475265384
0
0.4117324920371175, 0.24576409254223108, -0.6630507963709533
1
0.2015432622283697, -0.6234465134330094, -0.527495258487761
1
0.6676212288439274, 0.5659761130809784, -0.37567619793117046
2
0.10662394808605313, 0.1729913749732077, -0.9259231309406459
2
-0.42069390835240483, 0.23975777253508568, 0.527472737710923
1
0.25159608852118254, 0.13158109690994024, -0.9306418262422085
2
-0.5085897352546453, 0.16122068092226982, -0.8111065393313766
2
-0.4980406276881695, -0.15976571338251233, -0.09641364542767406
0
-0.3676922535523772, 0.5932726552709937, 0.2625580304302275
1
-0.16325285471975803, 0.7095736507326365, 0.3900841805152595
1
0.3681069570593536, -0.7521143183112144, -0.47471798537299037
2
0.18730260152369738, 0.38990348065271974, -0.7370542092248797
1
0.6511415857821703, 0.10993656469509006, -0.5791558278724551
2
-0.0382899371907115, 0.2739526187069714, -0.7738254903815687
1
-0.464254729449749, -0.6499648080207407, -0.20106387184932828
1
-0.03238193318247795, -0.1263949335552752, 0.44542229920625687
0
0.6068132426589727, 0.23110658070072532, 0.4337018569931388
1
-0.30593848414719105, -0.8431785339489579, 0.32325353659689426
2
-0.2645825929939747, -0.1508717038668692, -0.4039634633809328
0
-0.39351392397657037, 0.7456023027189076, -0.10211915895342827
1
-0.30970020592212677, -0.2889966922812164, -0.11974972859025002
0
0.5556804742664099, 0.42505748057737947, 0.5857949373312294
2
0.1727545647881925, 0.3945662281475961, -0.5111547517590225
0
0.2128955414518714, -0.06708969920873642, -0.18843798711895943
0
-0.09753296850249171, -0.608676147647202, -0.6838897299021482
2
0.38384300051257014, 0.18512463569641113, -0.606314783450216
1
0.25112606352195144, -0.39312179014086723, -0.6001013135537505
1
0.6530460291542113, 0.19244001479819417, -0.07288905046880245
0
-0.34833729173988104, 0.4351199446246028, -0.24131580302491784
0
-0.4965353333391249, 0.5840241475962102, 0.10513701196759939
1
0.6455482020974159, -0.1743149976246059, -0.5845118835568428
2
-0.6242810026742518, 0.09661264345049858, -0.12334387749433517
0
0.27379450062289834, 0.04252821113914251, -0.5739427413791418
0
-0.590480784419924, -0.4079741947352886, 0.10126561997458339
1
0.1516646142117679, 0.011549974326044321, 0.6775467097759247
1
0.4473017449490726, -0.5301891132257879, -0.10606583347544074
1
-0.41458383295685053, 0.44316790206357837, 0.4339464600197971
1
-0.11253385106101632, -0.6646068235859275, -0.37415476562455297
1
0.5018503731116652, -0.38372984854504466, 0.6573201697319746
2
-0.3950905124656856, -0.43561117677018046, 0.21488576009869576
0
-0.042463029734790325, -0.053478941321372986, -0.9454167387448251
2
-0.5887801027856767, -0.537810314912349, -0.048686438240110874
1
-0.2195797902531922, -0.400875321123749, 0.7502472470514476
2
-0.357247696723789, -0.31684094946831465, 0.12242624489590526
0
-0.04124161321669817, -0.39661955181509256, -0.2932572513818741
0
-0.38274249387905, -0.2681858669966459, -0.5413730056025088
1
0.7820726167410612, 0.2907516579143703, 0.3934171381406486
2
-0.16389278741553426, -0.5897674709558487, 0.7505729519762099
2
-0.0524333855137229, -0.6450628098100424, -0.17804864887148142
0
-0.9349101455882192, -0.21040324354544282, -0.046919905580580235
2
-0.019114313181489706, 0.8935212092474103, 0.09819352254271507
2
-0.5092001175507903, 0.43193714367225766, -0.3583874348551035
1
-0.5452987384051085, 0.45855668978765607, 0.15713937720283866
1
0.512893667910248, -0.17541085137054324, -0.7377157574519515
2
-0.299291776958853, 0.8078940259292722, 0.4735586028546095
2
-0.348813712131232, -0.15448999591171741, 0.7699203942902386
1
0.7844247906468809, -0.05031691351905465, -0.3477229308336973
1
0.5032845553942025, -0.016810725443065166, 0.03653048863634467
0
-0.18125678319483995, -0.44202516600489616, 0.21653636312112212
0
0.0935290246270597, 0.8734118570573628, 0.1346000130288303
2
-0.3230191129259765, 0.10355466837063432, 0.36772231897339225
0
-0.6501505472697318, -0.7582985269837081, 0.022094509098678827
2
0.7159215835854411, 0.13790653878822923, 0.4616444963030517
1
0.6759706037119031, 0.0753437471576035, 0.6894965381361544
2
0.5306578199379146, -0.467892958316952, -0.10257957689464092
1
-0.12043750612065196, 0.6915295915678144, 0.6868535727262497
2
0.8415217255242169, -0.16504434635862708, 0.34002355905249715
2
-0.7007827023044229, 0.3229493210092187, 0.5991267710924149
2
-0.23125231079757214, -0.1263442407362163, -0.3631652407348156
0
0.3007975993677974, -0.7827221411280334, 0.10248027695342898
1
0.26552332611754537, -0.08206503326073289, 0.9453997919335961
2
0.7123396527022123, 0.17521545896306634, -0.4877475402317941
2
0.14250527322292328, -0.6483613909222186, -0.41022962192073464
1
0.18686302611604333, -0.6807828149758279, 0.13016519835218787
1
0.4067383832298219, 0.08999474020674825, -0.3201707461848855
0
-0.41037775902077556, -0.39516645949333906, 0.7347446763888001
2
-0.017414635978639126, -0.4577029515057802, 0.044944715686142445
0
0.31187087018042803, -0.6629248261451721, 0.5175312394276261
2
0.5317003107629716, 0.5888211810961366, 0.5206038262695074
2
0.87220074608922, -0.1675118850544095, -0.05003169598057866
2
-0.28378887521103024, -0.05482917930930853, -0.46433257730677724
0
0.535602783318609, -0.4423716450110078, 0.16836387757211924
1
-0.4517904119566083, 0.03718613553792238, -0.3477044962346554
0
-0.7351871537975967, 0.28591302316635847, -0.508842580486089
2
0.3139662188477814, -0.312456127256155, -0.3240449628792703
0
0.0033316900953650475, -0.18400719109922647, 0.45817320002242923
0
-0.49738597264513373, 0.46944125229492784, 0.19574604323133826
1
-0.19697589613497257, -0.4037480750121176, -0.19557263934984803
0
0.9549464089795947, 0.11468772310763597, 0.025190012995153666
2
0.0735518247820437, -0.8616460701450706, -0.173475812189281
2
-0.2837779289111495, 0.36767716659232974, 0.8821054031141102
2
-0.013981224969029427, 0.46281419647857547, -0.854528849478811
2
0.07219377998262644, -0.19204616453498602, -0.5752285677008331
0
0.776320269331336, 0.09226056421175599, 0.14134038146585226
1
-0.6928848945535719, -0.24660488031804562, -0.5243645245209336
2
0.16717186756432056, 0.15341018419712782, -0.6222377349622548
0
-0.5093565820716321, -0.5143214892596006, -0.3388625420629978
1
-0.0968617363832891, 0.49292940367013216, 0.7776454840786755
2
0.2791941165924072, 0.42594607546925545, -0.027542669791728258
0
-0.1035381224937737, -0.14858388667926192, -0.6516714314930141
0
-0.848860683850944, 0.006062122993171215, -0.09293537074699998
1
-0.28350275894626975, 0.8127021943219006, -0.3128128321841359
2
0.18547309515997767, 0.36068957298994064, 0.5605304762721062
0
-0.49018591502681375, -0.17006308631971478, 0.28141707880422473
0
0.3605986605398357, 0.6373505280353129, -0.19554189685732126
1
0.30954648507758975, 0.4378629671409726, 0.6308298357762396
1
0.14627977088093758, -0.16383616905659437, -0.4582940279506147
0
-0.43813923466950655, 0.7573147737421095, -0.04766288725659251
2
0.21402027877047658, 0.06643596664071083, 0.42224607709795237
0
-0.23088243789970875, -0.8802111456170678, 0.3678835933096707
2
-0.5963698141276836, -0.21645935159176588, 0.7684341315180063
2
-0.3043166659772396, -0.7503564893268049, -0.5742622721008956
2
-0.20769041078165174, -0.14755656942725182, 0.2074737511575222
0
-0.40969641925767064, -0.14582617534324527, -0.606336825992912
1
-0.09121680492535233, 0.4792082402855158, -0.5695903142914176
1
-0.39532351354137063, 0.4564212318509817, 0.1697536059655249
0
-0.7063965061679482, -0.2524382285773754, 0.4328102101571858
1
-0.22764951456338167, -0.5838281703181565, -0.5618040654808283
1
0.08225435949862003, -0.0048737418837845325, -0.8679911056533456
1
0.5521172946318984, 0.36157360952347517, 0.4420700087212026
1
-0.19963083323091269, 0.6783346543088555, 0.5206338851712644
2
0.9630470578558743, -0.13025141740217805, -0.129636790137738
2
-0.2122844154946506, 0.20408242708072066, -0.17202171590179205
0
0.4430502667091787, 0.1693556997925043, -0.7596930875442922
2
-0.8737584869377315, -0.13813482457771897, -0.13115393044427037
2
0.0216601244173944, 0.9432348157279193, -0.27974027022719383
2
-0.17590161599218845, -0.23174635088071227, 0.7064704382792115
1
0.6550647122785449, 0.3629362266510725, -0.6182788200676441
2
0.1930729430168867, 0.9057683846913278, -0.3335416172631085
2
0.30941733391955495, 0.16989005403593183, -0.18258631508797407
0
0.665052754804492, 0.0682510738261044, -0.04529594164341688
0
-0.16767297871410847, 0.27075803140178323, 0.736426749266684
1
0.6680878093466163, -0.6218958306126297, 0.04290984570980072
2
-0.502742210868746, -0.7920340057462454, -0.27227899385616183
2
0.5543038686737418, -0.37317523919045925, 0.2904660627245903
1
0.5021235048770905, 0.21646039932966232, -0.49389308504760265
1
0.4932493260130286, -0.11504200194031, 0.4063878748565912
0
-0.901463863439858, 0.1000538794323802, -0.4103927658870816
2
0.10348232137039304, 0.14798733917996287, -0.45825399830937386
0
0.8302539507858455, -0.5284985331818461, 0.17670739069581032
2
-0.6226051417179406, -0.242516762111336, 0.06008391501381993
0
-0.11267973529174924, 0.19177311565726995, -0.6964181386865675
1
-0.24638911057263613, 0.01272380631417036, -0.17561193741858006
0
-0.40593610843643546, 0.7664454765617847, 0.203089099843055
2
-0.14304135460406542, -0.2680986844934523, 0.7470311927609146
1
-0.19494806742295623, 0.003298426978290081, -0.896215196698904
2
0.09181212168186903, -0.3315009055659175, 0.46465666545554996
0
0.18553883535787463, -0.21510105580091476, 0.6117357648909092
0
0.24646693794056773, 0.5696603283286095, 0.0694076418876648
0
0.0648352219723165, -0.261970158200711, -0.5812527937814593
0
-0.7593973078764975, 0.0030781119130551815, 0.2103363792411983
1
-0.17334422795102, -0.6972537455148995, -0.5807459824718535
2
-0.30161026306450367, 0.22214418789371848, -0.7407664968632162
1
0.4014516086317599, -0.6767733176238835, 0.5030878791585565
2
0.8499499475583434, -0.3088791398331523, 0.07562288921326399
2
0.1344971740618348, -0.2647863789461553, 0.3414521119557321
0
-0.2551972824148834, -0.4419675418175757, -0.06489037303254008
0
-0.5214603985659778, 0.315201623365283, 0.2027230472303927
0
-0.2978514018468559, 0.8895862521603703, 0.3374480651691556
2
-0.22106120502576232, -0.8501979941502213, -0.32112942263484
2
0.19503408391028643, -0.8971853195689619, 0.03286179527640343
2
0.3376293033361435, -0.29762150859460235, 0.32397272530943155
0
0.33540766779333353, 0.40337132243439555, 0.11134049762040377
0
-0.41165847470983863, 0.4243414895609021, 0.3661123998463154
1
-0.03878529882058501, -0.08487725770100951, -0.8621836947277188
1
-0.5837780684232712, -0.5764436251483858, -0.277165359351784
1
-0.6550015350803733, 0.002635455224663019, -0.031482730992138386
0
0.6784404763020575, -0.34421013947576284, -0.1676703100092709
1
0.004516608081758022, -0.2717723362147808, -0.46315223537385464
0
0.1658745426684618, -0.37810303131118417, -0.4732915973290801
0
-0.46429550647735596, -0.010716279037296772, 0.07232275232672691
0
-0.4411342265084386, 0.21687956200912595, 0.40800958313047886
0
-0.7683941074647009, -0.17968436377122998, -0.40648788399994373
2
-0.017015572637319565, -0.06813101330772042, -0.8811039999127388
2
-0.5623506852425635, 0.259921517688781, 0.5020683207549155
1
-0.8247923804447055, -0.1772818430326879, -0.49611890921369195
2
-0.7742070965468884, 0.10747124534100294, -0.397063001524657
2
-0.01655320730060339, 0.20190128590911627, 0.9563924688845873
2
0.010513612069189548, -0.7191118616610765, -0.41661610128358006
1
-0.4938209014944732, 0.42676326259970665, 0.2236658139154315
0
0.808815480209887, -0.05715223541483283, -0.013221594505012035
1
-0.22718538343906403, 0.7930702418088913, 0.44766561267897487
2
0.6011291122995317, -0.07082932209596038, 0.6605748068541288
2
-0.5821067681536078, 0.34818893810734153, -0.08271233318373561
0
-0.28210119577124715, -0.7785392357036471, 0.4437256455421448
2
-0.047464321833103895, 0.2671377086080611, 0.2851716079749167
0
-0.19189962232485414, 0.1835943185724318, 0.20219438197091222
0
0.663167430087924, 0.4116886747069657, -0.09073605434969068
1
0.17002836102619767, -0.5753489704802632, -0.42579320538789034
1
0.7009641868062317, -0.5911973160691559, -0.10096833668649197
2
0.6702608857303858, 0.43693685811012983, -0.4027252672240138
2
0.19145908253267407, -0.7208292623981833, -0.2993910978548229
1
-0.3811643007211387, -0.380888813175261, -0.5315168472006917
1
0.06031583854928613, -0.22072788514196873, -0.7226443118415773
1
-0.05434793094173074, -0.06812593108043075, 0.20458471728488803
0
0.484457831364125, 0.7069438016042113, -0.5152783095836639
2
0.3332107150927186, -0.4790339940227568, 0.5642707636579871
1
0.6257021655328572, 0.33506917441263795, -0.20064112357795238
1
-0.6811388470232487, 0.005143136717379093, -0.6164195234887302
2
-0.2740838169120252, -0.5192468203604221, -0.7705330695025623
2
0.0391842988319695, 0.021411328110843897, -0.23164159106090665
0
0.3833205853588879, -0.2367031336762011, 0.5624932814389467
1
0.3926320686005056, 0.10590221267193556, -0.3877070448361337
0
0.8036944181658328, -0.06626421492546797, -0.07055709604173899
1
-0.4282383513636887, -0.42052186466753483, -0.1651363791897893
0
0.0687094684690237, -0.7973271179944277, -0.057223905343562365
1
0.6728118872269988, -0.04305351711809635, -0.2434836276806891
1
0.48217991180717945, 0.6854679984971881, 0.21129902638494968
1
0.807401614729315, 0.015966331120580435, -0.5805895645171404
2
-0.12808464979752898, -0.2521407841704786, -4.747025668621063E-4
0
0.6689235959202051, -0.17792614502832294, 0.6741367061622441
2
0.4263177835382521, -0.6148437205702066, 0.6439215294085443
2
0.06704077823087573, -0.4397630696184933, -0.27464310405775905
0
0.338486235588789, -0.13419182319194078, 0.888445801101625
2
-0.15090100886300206, 0.6582768829539418, 0.18208570405840874
1
0.276526085101068, 0.56219984870404, -0.1362946191802621
0
-0.7638686359860003, -0.3445524889975786, 0.30038847401738167
2
0.39388684229925275, 0.44351697945967317, 0.17334507452324033
0
-0.38194035459309816, 0.6563139064237475, 0.4880207786336541
2
-0.0176318003796041, -0.3009729874320328, -0.17061996180564165
0
0.06372766941785812, 0.7572678308933973, 0.5727812964469194
2
0.21025896770879626, 0.19796632695943117, -0.6063441270962358
0
-0.044336654245853424, 0.5019634030759335, -0.4427150213159621
0
-0.16404601093381643, 0.04271880257874727, -0.9539375021122396
2
-0.5124085750430822, 0.5767175736837089, 0.6019894778728485
2
-0.3640797729603946, -0.36388958478346467, -0.8419989733956754
2
-0.14849353348836303, 0.4522243142127991, 0.2503869691863656
0
0.454044206533581, -0.17062683403491974, 0.16862500365823507
0
0.3661318407393992, -0.25531088234856725, -0.7480857111513615
1
-0.8866003984585404, 0.31809069821611047, 0.08757258486002684
2
-0.7027797824703157, 0.5834543402306736, -0.10196415241807699
2
0.38579129753634334, -0.5796341025270522, 0.3287487463094294
1
0.42159595526754856, -0.3943951786495745, 0.3701320942491293
0
-0.25628686510026455, 0.785829781088978, 0.4843882620334625
2
0.11728829657658935, 0.4670393820852041, 0.4536479371599853
0
-0.3299752390012145, 0.40935492468997836, 0.45974606461822987
1
0.3262814115732908, 0.0888759521767497, 0.6364927995018661
1
